case_id,score
57543,0.03239113180004446
57549,0.03239113180004446
57551,0.03239113180004446
57552,0.03239113180004446
57569,0.03239113180004446
57630,0.03239113180004446
57631,0.03239113180004446
57632,0.03239113180004446
57633,0.03239113180004446
57634,0.03239113180004446
